{
    "gridSize": 2, 
    "nThreads": 4, 
    "metric": "ROC_AUC", 
    "gridPoints": [
        {
            "scoreTimeMean": 578.6666666666666, 
            "best_iteration": null, 
            "time": 6425, 
            "trainScoreMean": 0.9959591016705192, 
            "finishedAt": 1620414054639, 
            "fitTimeStd": 368.8640219195505, 
            "testScoreStd": 0.001892434528606546, 
            "scoreTimeStd": 210.25117254264137, 
            "parameters": {
                "max_features": "auto", 
                "n_estimators": 100, 
                "min_samples_split": 3, 
                "max_depth": 6, 
                "min_samples_leaf": 1
            }, 
            "testScoreMean": 0.9929470971370206, 
            "score": 0.9929470971370206, 
            "trainScoreStd": 0.0012085483856002913, 
            "testScoreGibMean": 0.9929470971370206, 
            "fitTimeMean": 1563.0
        }, 
        {
            "scoreTimeMean": 258.3333333333333, 
            "best_iteration": null, 
            "time": 5597, 
            "trainScoreMean": 0.999959967877673, 
            "finishedAt": 1620414055641, 
            "fitTimeStd": 351.05301910426897, 
            "testScoreStd": 0.0005843936350118262, 
            "scoreTimeStd": 235.28186406001538, 
            "parameters": {
                "max_features": "auto", 
                "n_estimators": 100, 
                "min_samples_split": 3, 
                "max_depth": 15, 
                "min_samples_leaf": 1
            }, 
            "testScoreMean": 0.9975459263445349, 
            "score": 0.9975459263445349, 
            "trainScoreStd": 3.021304051398929e-05, 
            "testScoreGibMean": 0.9975459263445349, 
            "fitTimeMean": 1607.3333333333333
        }
    ], 
    "timeout": null, 
    "startedAt": 1620414051692, 
    "nSplits": 3
}