{
    "shifts": [
        47.08526874585269, 
        580.1237558062376, 
        258191863.9183809, 
        6.3234903782349035, 
        82.39700374531836, 
        89.14134041141341, 
        0.025215660252156602, 
        379.63669542136694, 
        8226404.849369609, 
        606.8304578633046, 
        0.6619110816191108, 
        121810.91639017916, 
        383.2528201725282, 
        72.3979314873921, 
        5.234240212342402, 
        -5946.709688122097, 
        93702308.8669542, 
        350.81917717319175, 
        2439.78400796284, 
        210218.97810218978, 
        0.5759787657597877, 
        3.9701393497013937, 
        0.2591240875912409, 
        14.262773722627736, 
        448.6413404114134
    ], 
    "columns": [
        "popularity", 
        "energy", 
        "instagram_followers", 
        "release_month", 
        "T10", 
        "Pk", 
        "Top100", 
        "acousticness", 
        "PkStreams", 
        "danceability", 
        "Top2500", 
        "tempo", 
        "speechiness", 
        "instrumentalness", 
        "key", 
        "loudness", 
        "Total", 
        "liveness", 
        "Pos", 
        "length", 
        "mode", 
        "time_signature", 
        "Top1000", 
        "Wks", 
        "valence"
    ], 
    "inv_scales": [
        0.032548159904482274, 
        0.004189537585791489, 
        2.132237542698383e-09, 
        0.28917304678765227, 
        0.012391775533926295, 
        0.016526353928379787, 
        6.377324236063118, 
        0.0037312575301401297, 
        1.3522060690499842e-07, 
        0.004520733723106867, 
        2.1135505911597714, 
        3.3940530115959746e-05, 
        0.0043108293448254, 
        0.005524615814150351, 
        0.27271207401518915, 
        0.00032845123765889485, 
        5.065783903491591e-09, 
        0.003290880323864126, 
        0.0007215344504881284, 
        2.0079883730679268e-05, 
        2.0231631329904673, 
        3.6568477791667506, 
        2.281924710938991, 
        0.042547532685438004, 
        0.003993505615960867
    ]
}